array_size,read_margin_percent_simulated,threshold_percent,is_2KB_point
16,99.62640099626401,50.0,no
32,99.23096005953857,50.0,no
64,98.44942160964803,50.0,no
128,96.9227041434456,50.0,yes
256,94.00705052878966,50.0,no
512,88.67213478164486,50.0,no
1024,79.63368504877563,50.0,no
