write_voltage_V,energy_100nm_pj_simulated,energy_100nm_pj_measured_anchor,energy_200nm_pj_simulated,energy_200nm_pj_measured_anchor,energy_1um_pj_simulated,energy_1um_pj_measured_anchor
1.0,1.25,,4.03,,81.84,
1.5,1.82,,5.22,,89.64,
2.0,2.63,,6.89,,100.53,
2.5,3.67,,9.05,,114.53,
3.0,4.93,0.006516338605965753,11.67,0.026065354423863013,131.62,0.6516338605965756
3.5,6.43,,14.78,,151.87,
4.0,8.15,,18.36,,175.17,
4.5,10.1,,22.42,,201.57,
5.0,12.29,,26.96,,231.07,
